ts	phase	decision	why	evidence	result
2026-10-05T23:53:57Z	start	started macos port run	user asked for macos plus linux, binary downloads only, nested processes, full autonomy while away	agent conversation start	open
2026-10-05T23:53:57Z	frame	exit predicate is a live nested stack on darwin/arm64 and linux with no brew no apt compile no child systemd	need a checkable done condition before a long run	playbooks/autonomous-run.md step 1	open
2026-10-05T23:53:57Z	frame	counted roughly 14 landable units and high rigor because ports DNS CA and installers are one-way	figure-it-out Phase A before coding	install/*.go elevate/* selfinstall/devctl.service php/releases.go	open
2026-10-05T23:53:57Z	frame	keep nested supervisor as the process model on both OS. systemd and launchd start only the parent	children are already Managed in config/defaults.go. user forbade orphaned brew/systemd child units	config/defaults.go Managed true for all services	open
2026-10-05T23:53:57Z	frame	linux keeps CAP_NET_BIND_SERVICE. macos uses pf rdr 80 to 8080 and 443 to 8443. Caddy listen ports follow the host	macos has no inheritable bind capability. pf is the documented analog	sites/caddy.go EnsureHTTPServer listen :80 :443	open
2026-10-05T23:53:57Z	frame	DNS analog is /etc/resolver/<tld> on macos and systemd-resolved drop-in on linux. both point at in-process DNS on 5354	devctl already runs DNS as a goroutine. only the OS stub differs	elevate/resolver.go dnsserver/	open
2026-10-05T23:53:57Z	frame	CA analog is security add-trusted-cert system keychain on macos and update-ca-certificates on linux	one-shot elevate helper stays. no persistent privileged daemon	elevate/trust.go	open
2026-10-05T23:53:57Z	research	confirmed vendor darwin binaries for caddy mac_arm64 mailpit meilisearch typesense maxio clickhouse mysql 8.4.11 macos15 postgres EDB zip	HEAD 200 on those URLs this session. valkey has no darwin vendor binary	curl -fsI results 2026-10-05T23:52Z	open
2026-10-05T23:53:57Z	research	php github assets are linux-x86_64 only. darwin fallback is static-php.dev common builds. later add macos to build-php.yml	cannot compile php on the user machine. cannot wait hours for a new php-binaries matrix this session	php/releases.go parsePHPBinaryAssetName .github/workflows/build-php.yml	open
2026-10-05T23:53:57Z	frame	default on product forks the operator did not settle: skip timescale and pgvector on darwin. valkey on darwin waits for a published binary. no brew no local compile	autonomy grant. reversible. operator can later name a binary URL	install/pgext_pgvector.go install/timescaledb.go install/valkey.go	open
2026-10-05T23:56:39Z	ground	four how explorers returned. supervisor already nested. installers are linux-amd64 downloads plus leftover apt libs	how skill synthesis next then architect arena	.audit/how-grounding.md	open
2026-10-05T23:56:39Z	sketch	spawned three structurally distinct host designs: Host interface, platform.Current table, elevate-ops plus dist	exhaust the design space before coding the OS boundary	/tmp/arena-macos-host/candidate-{1,2,3}	open
2026-10-05T23:57:44Z	harness	wrote scripts/verify-nested-stack.sh and ran it without a daemon	baseline before the stack exists so later runs compare fail then pass	scripts/verify-nested-stack.sh exit 1	fail as expected
2026-10-05T23:59:44Z	ground	saved how-linux-runtime.md from explainer. SIGKILL vs comment SIGTERM confirmed in source	grounding artifact for arena pick and U5 supervisor stop	.audit/how-linux-runtime.md	open
2026-10-06T00:02:05Z	U5	supervisor Stop now sends SIGTERM then waits. run() joins stopAll. reexec StopAll first	darwin has no systemd cgroup. SIGKILL left FPM workers. test proved TERM trap ran	/tmp/services.test TestStop_SendsSIGTERM PASS	tests green
2026-10-06T00:13:40Z	U1	picked candidate 3 dist plus elevate ops as the host boundary	installers must not import elevate. Lookup stays testable on Linux. Host interface was too large.	.audit/arena-synthesis.md dist/dist.go	tests green
2026-10-06T00:13:40Z	U2	Caddy URL and listen ports come from dist	linux_amd64 URL string unchanged. Darwin binds 8080 and 8443.	commit ebbf694 /tmp/dist.test /tmp/install-caddy.test	tests green
2026-10-06T00:13:40Z	U3	wired mailpit meilisearch typesense maxio through dist.Lookup	darwin vendor URLs returned HTTP 200. Incus update temp names kept.	commit 03a9eed HEAD 200 mailpit meilisearch typesense darwin	tests green
2026-10-06T00:13:40Z	U4	ClickHouse IsInstalled accepts Mach-O. Darwin URL is builds.clickhouse.com master macos-aarch64	ELF-only magic rejected Darwin binaries. Linux tarball URL stays byte-identical.	commit pending native_test clickhouse_test HEAD 200	tests green
2026-10-06T00:16:27Z	U6	added BuildLaunchAgentPlist write-plist launchctl helper and darwin elevatePorts	parent analog of systemd unit. bootout then bootstrap so a second elevate converges. no child units.	commit pending /tmp/elevate.test TestBuildLaunchAgentPlist PASS	tests green plist only; launchctl bootstrap not run this turn
2026-10-06T00:22:12Z	judge	cross-judge picked C3 as base matching parent pick	Host kitchen sink. Platform bag. Token sprintf still a remaining graft.	f22e041a-863e-4095-8748-d349650893a1	agreed C3
2026-10-06T00:22:12Z	U7-U9	Darwin resolver CA pf helpers plus Allows catalog skip for valkey	parent analog of resolved drop-in update-ca-certificates and bind cap. content tests only this turn. no sudo pfctl.	/tmp/elevate.test TestDarwinResolverContent TestPFAnchorContent PASS /tmp/dist.test TestAllowsFor PASS	tests green helper content; live pf and keychain not run
2026-10-06T00:44:44Z	U10-U13	wired mysql postgres php and tool downloads through dist with Darwin vendor archives	linux github php stays when DEVCTL_PHP_RELEASES_API_BASE is set. Darwin uses static-php.dev. mysql 8.4.11 macos15 tarball and EDB 18.4 zip returned HTTP 200. valkey timescale pgvector stay omitted on Darwin. sqlite.org lists sqlite-tools-osx-arm64.	commit pending /tmp/php.test TestLatestStaticPHPNames PASS /tmp/tools.test URL tokens PASS /tmp/install.test TestMySQLTarballURL TestEDBPostgresZipURL PASS HEAD 200 mysql EDB	tests green; live nested stack still open
